id,userId,data_source,exported_at,age,gender,province,education,marital_status,experience_years,employment_status,target_job,target_salary,target_province,preferred_job_type,skills,skills_count,barrier_health,barrier_family,barrier_techGap,barrier_location,barrier_other,total_barriers,current_step,is_completed,created_at,updated_at
mock_0001,mock_user_0001,mock_script,2026-04-10T18:44:28.084595,45,female,Hải Dương,primary,single,7.3,retired,Bảo vệ,4593860,Thái Bình,part-time,sơn sửa nhà,1,0,0,0,0,0,0,4,True,2026-04-10T18:44:28.084606,2026-04-10T18:44:28.084608
mock_0002,mock_user_0002,mock_script,2026-04-10T18:44:28.084647,52,female,Hà Nam,university,divorced,29.7,unemployed,Nhân viên phục vụ,27448851,Bình Dương,full-time,đọc bản đồ|lái xe|chăm sóc người già,3,1,0,0,0,0,1,4,True,2026-04-10T18:44:28.084655,2026-04-10T18:44:28.084656
mock_0003,mock_user_0003,mock_script,2026-04-10T18:44:28.084678,51,male,Qui Nhơn,middle,divorced,30.5,employed,Kế toán / Hành chính,17484500,Thái Nguyên,full-time,lái xe|xây dựng|đọc bản đồ,3,0,0,0,1,0,1,4,True,2026-04-10T18:44:28.084681,2026-04-10T18:44:28.084682
mock_0004,mock_user_0004,mock_script,2026-04-10T18:44:28.084698,46,female,Đắk Lắk,primary,married,9.6,employed,Công nhân sản xuất,7119596,Thái Nguyên,part-time,xây dựng,1,0,0,0,1,0,1,4,True,2026-04-10T18:44:28.084703,2026-04-10T18:44:28.084704
mock_0005,mock_user_0005,mock_script,2026-04-10T18:44:28.084721,50,male,Cần Thơ,high,married,20.1,employed,Kế toán / Hành chính,11811511,Hải Dương,part-time,đọc bản vẽ|giặt ủi|sử dụng máy nông nghiệp|xây dựng,4,0,1,0,0,0,1,4,True,2026-04-10T18:44:28.084724,2026-04-10T18:44:28.084725
mock_0006,mock_user_0006,mock_script,2026-04-10T18:44:28.084743,37,female,Vũng Tàu,high,married,7.3,self-employed,Bảo vệ,7609674,Bình Dương,freelance,bảo dưỡng xe,1,0,0,1,0,0,1,4,True,2026-04-10T18:44:28.084745,2026-04-10T18:44:28.084746
mock_0007,mock_user_0007,mock_script,2026-04-10T18:44:28.084760,52,male,Bình Dương,college,divorced,33.4,retired,Bảo vệ,21734093,Nghệ An,freelance,kho vận|sử dụng máy nông nghiệp,2,0,0,0,0,1,1,4,True,2026-04-10T18:44:28.084762,2026-04-10T18:44:28.084763
mock_0008,mock_user_0008,mock_script,2026-04-10T18:44:28.084778,45,male,Vĩnh Phúc,middle,divorced,22.7,employed,Kế toán / Hành chính,10774485,Nha Trang,freelance,thu ngân|pha chế|giao hàng|đóng gói,4,0,1,0,0,0,1,4,True,2026-04-10T18:44:28.084780,2026-04-10T18:44:28.084781
mock_0009,mock_user_0009,mock_script,2026-04-10T18:44:28.084804,58,female,Cần Thơ,high,widowed,26.2,retired,Giúp việc / Dịh vụ,13292326,Nghệ An,full-time,đọc bản vẽ,1,0,0,1,0,1,2,4,True,2026-04-10T18:44:28.084807,2026-04-10T18:44:28.084808
mock_0010,mock_user_0010,mock_script,2026-04-10T18:44:28.084824,35,female,Bình Dương,none,married,11.4,employed,Thợ lành nghề,7157783,Hải Dương,freelance,trộn vữa|đóng gói|bảo vệ|điện nước,4,1,0,0,0,0,1,4,True,2026-04-10T18:44:28.084827,2026-04-10T18:44:28.084828
mock_0011,mock_user_0011,mock_script,2026-04-10T18:44:28.084842,36,male,Đà Lạt,college,married,2.0,employed,Bảo vệ,4192297,Thanh Hóa,full-time,trộn vữa|thu ngân|giao tiếp|bartender,4,1,0,0,1,1,3,4,True,2026-04-10T18:44:28.084846,2026-04-10T18:44:28.084847
mock_0012,mock_user_0012,mock_script,2026-04-10T18:44:28.084862,58,male,Đà Lạt,high,married,26.8,employed,Nông dân / Nông nghiệp,14859732,Hải Phòng,freelance,trang trí món ăn|pccc|bartender|lắp ráp,4,0,0,0,0,0,0,4,True,2026-04-10T18:44:28.084865,2026-04-10T18:44:28.084866
mock_0013,mock_user_0013,mock_script,2026-04-10T18:44:28.084878,55,male,Đà Lạt,high,married,26.7,employed,Bảo vệ,13528129,Thái Bình,freelance,trộn vữa,1,0,0,0,0,1,1,4,True,2026-04-10T18:44:28.084880,2026-04-10T18:44:28.084881
mock_0014,mock_user_0014,mock_script,2026-04-10T18:44:28.084896,44,female,Lâm Đồng,middle,divorced,18.7,employed,Lao động xây dựng,11761896,Vũng Tàu,full-time,chăn nuôi|thu ngân|bán hàng|vận hành máy móc,4,0,0,1,0,0,1,4,True,2026-04-10T18:44:28.084898,2026-04-10T18:44:28.084899
mock_0015,mock_user_0015,mock_script,2026-04-10T18:44:28.084912,40,female,Quảng Nam,primary,married,9.6,unemployed,Lao động xây dựng,7444429,Qui Nhơn,freelance,bartender,1,0,0,0,1,0,1,4,True,2026-04-10T18:44:28.084915,2026-04-10T18:44:28.084916
mock_0016,mock_user_0016,mock_script,2026-04-10T18:44:28.084927,43,male,Thái Nguyên,middle,married,10.5,unemployed,Lao động xây dựng,8628849,Biên Hòa,full-time,lái xe,1,0,0,1,0,0,1,4,True,2026-04-10T18:44:28.084930,2026-04-10T18:44:28.084931
mock_0017,mock_user_0017,mock_script,2026-04-10T18:44:28.084945,57,female,Vinh,vocational,married,17.2,employed,Pha chế,14467772,Hà Tĩnh,part-time,pccc|giao hàng,2,1,0,0,0,1,2,4,True,2026-04-10T18:44:28.084950,2026-04-10T18:44:28.084951
mock_0018,mock_user_0018,mock_script,2026-04-10T18:44:28.084965,48,female,Đà Lạt,middle,married,16.9,unemployed,Thợ lành nghề,12267921,Đắk Lắk,freelance,bảo vệ|chăm sóc khách hàng,2,0,0,0,0,0,0,4,True,2026-04-10T18:44:28.084967,2026-04-10T18:44:28.084968
mock_0019,mock_user_0019,mock_script,2026-04-10T18:44:28.084981,58,male,Vũng Tàu,university,married,37.2,retired,Kế toán / Hành chính,27634125,Lâm Đồng,temporary,xây dựng|chăm sóc khách hàng|điện nước,3,0,0,1,0,0,1,4,True,2026-04-10T18:44:28.084984,2026-04-10T18:44:28.084985
mock_0020,mock_user_0020,mock_script,2026-04-10T18:44:28.085001,53,male,Bình Dương,none,single,16.9,self-employed,Lao động xây dựng,8920241,Nam Định,full-time,pccc|sửa chữa|kiểm tra chất lượng,3,1,0,1,1,0,3,4,True,2026-04-10T18:44:28.085005,2026-04-10T18:44:28.085006
mock_0021,mock_user_0021,mock_script,2026-04-10T18:44:28.085023,53,female,Lâm Đồng,college,married,21.0,employed,Công nhân sản xuất,17258750,Hà Nội,part-time,vệ sinh an toàn thực phẩm,1,0,0,0,0,0,0,4,True,2026-04-10T18:44:28.085025,2026-04-10T18:44:28.085026
mock_0022,mock_user_0022,mock_script,2026-04-10T18:44:28.085039,41,female,TP. Hồ Chí Minh,primary,married,9.9,retired,Lao động xây dựng,7529906,TP. Hồ Chí Minh,full-time,vận hành máy móc|giao tiếp|sơn sửa nhà,3,0,0,0,0,0,0,4,True,2026-04-10T18:44:28.085042,2026-04-10T18:44:28.085043
mock_0023,mock_user_0023,mock_script,2026-04-10T18:44:28.085056,44,male,Đắk Lắk,university,widowed,18.8,employed,Kế toán / Hành chính,14474744,Hà Tĩnh,full-time,làm việc nhóm|thu ngân|vận hành máy móc|bảo vệ,4,0,0,0,0,0,0,4,True,2026-04-10T18:44:28.085059,2026-04-10T18:44:28.085060
mock_0024,mock_user_0024,mock_script,2026-04-10T18:44:28.085071,35,female,Nghệ An,university,married,13.2,employed,Pha chế,12766569,Biên Hòa,full-time,vận hành máy móc,1,1,0,0,0,0,1,4,True,2026-04-10T18:44:28.085073,2026-04-10T18:44:28.085074
mock_0025,mock_user_0025,mock_script,2026-04-10T18:44:28.085086,62,female,Bắc Ninh,college,divorced,40.3,unemployed,Thợ lành nghề,27225175,Hải Dương,freelance,quản lý thời gian|nấu ăn,2,0,0,0,0,1,1,4,True,2026-04-10T18:44:28.085089,2026-04-10T18:44:28.085090
mock_0026,mock_user_0026,mock_script,2026-04-10T18:44:28.085103,39,male,Hà Tĩnh,vocational,single,4.9,unemployed,Pha chế,5773423,Lâm Đồng,full-time,bảo vệ|nhập liệu|sơn sửa nhà|chăm sóc người già,4,0,0,0,0,0,0,4,True,2026-04-10T18:44:28.085105,2026-04-10T18:44:28.085106
mock_0027,mock_user_0027,mock_script,2026-04-10T18:44:28.085119,45,other,Đà Lạt,middle,married,24.6,retired,Bảo vệ,15421673,Hải Dương,temporary,lắp ráp|xây dựng,2,0,0,0,0,0,0,4,True,2026-04-10T18:44:28.085122,2026-04-10T18:44:28.085123
mock_0028,mock_user_0028,mock_script,2026-04-10T18:44:28.085137,62,other,Vũng Tàu,vocational,married,35.0,unemployed,Nhân viên kho vận,25858999,Cần Thơ,full-time,nhập liệu|phục vụ bàn,2,0,1,0,0,0,1,4,True,2026-04-10T18:44:28.085139,2026-04-10T18:44:28.085140
mock_0029,mock_user_0029,mock_script,2026-04-10T18:44:28.085152,61,male,Hải Dương,none,married,32.9,self-employed,Nhân viên phục vụ,17310394,Đắk Lắk,part-time,chăm sóc khách hàng,1,0,1,1,1,0,3,4,True,2026-04-10T18:44:28.085154,2026-04-10T18:44:28.085155
mock_0030,mock_user_0030,mock_script,2026-04-10T18:44:28.085168,54,other,Hà Nam,high,married,22.1,unemployed,Pha chế,15844472,Thái Nguyên,full-time,đọc bản đồ|đọc bản vẽ|chăm sóc khách hàng,3,0,0,0,0,0,0,4,True,2026-04-10T18:44:28.085170,2026-04-10T18:44:28.085171
mock_0031,mock_user_0031,mock_script,2026-04-10T18:44:28.085183,44,female,Thái Nguyên,college,single,21.0,retired,Nhân viên bán hàng,19335311,Nam Định,full-time,chế biến thực phẩm,1,0,0,1,0,1,2,4,True,2026-04-10T18:44:28.085185,2026-04-10T18:44:28.085186
mock_0032,mock_user_0032,mock_script,2026-04-10T18:44:28.085200,52,male,Vĩnh Phúc,middle,married,22.1,employed,Thợ lành nghề,13406013,Hải Dương,part-time,vận hành máy móc|pccc|đọc bản vẽ|nấu ăn,4,0,1,0,0,0,1,4,True,2026-04-10T18:44:28.085202,2026-04-10T18:44:28.085203
mock_0033,mock_user_0033,mock_script,2026-04-10T18:44:28.085215,64,female,Huế,high,married,42.7,employed,Kế toán / Hành chính,22794900,Đà Nẵng,temporary,bartender|bán hàng|may mặc,3,0,1,0,0,0,1,4,True,2026-04-10T18:44:28.085218,2026-04-10T18:44:28.085219
mock_0034,mock_user_0034,mock_script,2026-04-10T18:44:28.085231,52,male,Đắk Lắk,none,single,20.9,employed,Công nhân sản xuất,10990147,Nha Trang,full-time,pccc|bartender|trồng trọt,3,0,0,0,0,0,0,4,True,2026-04-10T18:44:28.085234,2026-04-10T18:44:28.085234
mock_0035,mock_user_0035,mock_script,2026-04-10T18:44:28.085247,53,other,Lâm Đồng,college,single,29.2,employed,Nhân viên bán hàng,19286773,Hà Nam,part-time,điện nước,1,0,0,0,0,0,0,4,True,2026-04-10T18:44:28.085249,2026-04-10T18:44:28.085250
mock_0036,mock_user_0036,mock_script,2026-04-10T18:44:28.085262,35,female,Cần Thơ,college,divorced,14.8,unemployed,Lái xe,12373741,Nha Trang,full-time,lắp đặt|nhập liệu|phục vụ bàn,3,0,0,0,0,1,1,4,True,2026-04-10T18:44:28.085265,2026-04-10T18:44:28.085266
mock_0037,mock_user_0037,mock_script,2026-04-10T18:44:28.085277,45,male,TP. Hồ Chí Minh,university,married,6.9,employed,Bảo vệ,8707409,Hà Nam,full-time,may mặc|chăm sóc người già,2,0,0,0,0,0,0,4,True,2026-04-10T18:44:28.085280,2026-04-10T18:44:28.085281
mock_0038,mock_user_0038,mock_script,2026-04-10T18:44:28.085292,54,other,Lâm Đồng,none,divorced,27.8,employed,Nhân viên kho vận,13801174,Quảng Nam,full-time,bán hàng|bảo vệ,2,0,0,1,0,0,1,4,True,2026-04-10T18:44:28.085294,2026-04-10T18:44:28.085295
mock_0039,mock_user_0039,mock_script,2026-04-10T18:44:28.085308,62,male,Nam Định,primary,divorced,39.4,unemployed,Kế toán / Hành chính,17171079,Bắc Ninh,full-time,nấu ăn|kho vận,2,1,1,0,0,0,2,4,True,2026-04-10T18:44:28.085311,2026-04-10T18:44:28.085312
mock_0040,mock_user_0040,mock_script,2026-04-10T18:44:28.085324,36,female,Bình Dương,middle,married,9.0,unemployed,Nhân viên kho vận,6566477,Qui Nhơn,full-time,sửa chữa|phục vụ bàn|chăm sóc khách hàng,3,1,0,0,0,0,1,4,True,2026-04-10T18:44:28.085326,2026-04-10T18:44:28.085327
mock_0041,mock_user_0041,mock_script,2026-04-10T18:44:28.085341,65,female,Hà Nam,vocational,single,28.9,unemployed,Giúp việc / Dịh vụ,19850160,Bình Dương,full-time,lái xe|đóng gói|chế biến thực phẩm|bảo vệ,4,0,0,0,0,0,0,4,True,2026-04-10T18:44:28.085343,2026-04-10T18:44:28.085344
mock_0042,mock_user_0042,mock_script,2026-04-10T18:44:28.085363,41,female,Thái Bình,vocational,single,7.9,employed,Nông dân / Nông nghiệp,9137668,Đà Lạt,part-time,bảo vệ|nhập liệu|điện nước|may mặc,4,0,0,0,0,0,0,4,True,2026-04-10T18:44:28.085366,2026-04-10T18:44:28.085368
mock_0043,mock_user_0043,mock_script,2026-04-10T18:44:28.085383,49,male,Hải Phòng,college,married,30.4,unemployed,Kế toán / Hành chính,22284129,Thái Nguyên,full-time,lái xe|xây dựng|bảo dưỡng xe|vận hành máy móc,4,0,0,1,0,0,1,4,True,2026-04-10T18:44:28.085385,2026-04-10T18:44:28.085386
mock_0044,mock_user_0044,mock_script,2026-04-10T18:44:28.085397,61,female,Vinh,high,single,24.2,employed,Nhân viên bán hàng,12904510,Biên Hòa,temporary,nấu ăn,1,0,0,0,0,0,0,4,True,2026-04-10T18:44:28.085399,2026-04-10T18:44:28.085402
mock_0045,mock_user_0045,mock_script,2026-04-10T18:44:28.085416,39,female,Huế,vocational,widowed,18.2,unemployed,Giúp việc / Dịh vụ,14709534,Đà Nẵng,full-time,vận hành máy móc|chăn nuôi|điện nước|trộn vữa,4,0,1,0,1,0,2,4,True,2026-04-10T18:44:28.085418,2026-04-10T18:44:28.085419
mock_0046,mock_user_0046,mock_script,2026-04-10T18:44:28.085431,61,male,Cần Thơ,college,married,42.6,unemployed,Lái xe,30211864,Hà Tĩnh,part-time,giao tiếp,1,1,0,1,1,0,3,4,True,2026-04-10T18:44:28.085433,2026-04-10T18:44:28.085434
mock_0047,mock_user_0047,mock_script,2026-04-10T18:44:28.085447,56,female,Thái Nguyên,middle,married,24.7,employed,Nhân viên phục vụ,14000796,Đà Lạt,part-time,quản lý thời gian|lắp ráp|pha chế,3,1,1,0,0,0,2,4,True,2026-04-10T18:44:28.085449,2026-04-10T18:44:28.085450
mock_0048,mock_user_0048,mock_script,2026-04-10T18:44:28.085462,61,other,Đà Lạt,university,married,23.2,employed,Lao động xây dựng,21228321,Hải Phòng,full-time,chế biến thực phẩm|sử dụng máy nông nghiệp|pccc,3,1,0,0,0,0,1,4,True,2026-04-10T18:44:28.085464,2026-04-10T18:44:28.085465
mock_0049,mock_user_0049,mock_script,2026-04-10T18:44:28.085478,41,female,Nha Trang,primary,married,4.1,unemployed,Lao động xây dựng,3450135,Thanh Hóa,full-time,trang trí món ăn|pha chế|kiểm kê|thu ngân,4,0,0,0,0,0,0,4,True,2026-04-10T18:44:28.085481,2026-04-10T18:44:28.085482
mock_0050,mock_user_0050,mock_script,2026-04-10T18:44:28.085495,39,male,Nghệ An,high,divorced,5.0,unemployed,Nhân viên bán hàng,5049507,TP. Hồ Chí Minh,freelance,nấu ăn|bán hàng|pha chế đồ uống|nhập liệu,4,0,0,0,0,0,0,4,True,2026-04-10T18:44:28.085497,2026-04-10T18:44:28.085498
mock_0051,mock_user_0051,mock_script,2026-04-10T18:44:28.085510,40,male,Buôn Ma Thuột,primary,married,16.6,retired,Công nhân sản xuất,8057303,Vĩnh Phúc,full-time,vệ sinh an toàn thực phẩm,1,0,1,0,1,0,2,4,True,2026-04-10T18:44:28.085512,2026-04-10T18:44:28.085513
mock_0052,mock_user_0052,mock_script,2026-04-10T18:44:28.085527,51,male,Đà Nẵng,primary,married,22.7,self-employed,Thợ lành nghề,14364692,Bình Dương,freelance,trồng trọt|bảo dưỡng xe|vận hành máy móc,3,0,1,0,0,0,1,4,True,2026-04-10T18:44:28.085529,2026-04-10T18:44:28.085530
mock_0053,mock_user_0053,mock_script,2026-04-10T18:44:28.085542,63,male,Bình Dương,university,married,34.8,unemployed,Công nhân sản xuất,27417013,Hải Dương,part-time,đọc bản đồ|xây dựng|đóng gói,3,1,0,0,0,0,1,4,True,2026-04-10T18:44:28.085544,2026-04-10T18:44:28.085545
mock_0054,mock_user_0054,mock_script,2026-04-10T18:44:28.085558,42,other,Nghệ An,middle,married,5.1,self-employed,Lao động xây dựng,4465130,Huế,full-time,chăm sóc người già|vận hành máy móc,2,0,0,0,0,0,0,4,True,2026-04-10T18:44:28.085561,2026-04-10T18:44:28.085562
mock_0055,mock_user_0055,mock_script,2026-04-10T18:44:28.085574,61,female,Bắc Ninh,university,married,41.7,employed,Pha chế,30319118,Đà Nẵng,full-time,sử dụng máy nông nghiệp|đọc bản đồ,2,0,0,0,0,1,1,4,True,2026-04-10T18:44:28.085576,2026-04-10T18:44:28.085577
mock_0056,mock_user_0056,mock_script,2026-04-10T18:44:28.085780,36,other,Buôn Ma Thuột,university,married,3.8,unemployed,Lái xe,5716613,Nam Định,temporary,pha chế đồ uống|sơn sửa nhà,2,1,0,1,0,0,2,4,True,2026-04-10T18:44:28.085784,2026-04-10T18:44:28.085785
mock_0057,mock_user_0057,mock_script,2026-04-10T18:44:28.085802,47,female,Đà Lạt,vocational,single,28.6,self-employed,Bảo vệ,16060759,Bình Dương,temporary,giao hàng,1,1,0,1,0,0,2,4,True,2026-04-10T18:44:28.085804,2026-04-10T18:44:28.085805
mock_0058,mock_user_0058,mock_script,2026-04-10T18:44:28.085819,41,female,Thanh Hóa,college,single,18.1,unemployed,Nhân viên kho vận,17036284,Thanh Hóa,part-time,may mặc,1,0,0,1,0,0,1,4,True,2026-04-10T18:44:28.085821,2026-04-10T18:44:28.085822
mock_0059,mock_user_0059,mock_script,2026-04-10T18:44:28.085836,46,female,Thái Bình,high,single,13.1,employed,Thợ lành nghề,9876093,Bình Dương,part-time,chăm sóc người già|sửa chữa|may mặc,3,0,0,0,0,0,0,4,True,2026-04-10T18:44:28.085838,2026-04-10T18:44:28.085839
mock_0060,mock_user_0060,mock_script,2026-04-10T18:44:28.085852,53,female,Đắk Lắk,primary,married,22.1,retired,Nông dân / Nông nghiệp,11047043,Bắc Ninh,temporary,phục vụ bàn|sử dụng máy nông nghiệp|kho vận,3,0,0,1,1,0,2,4,True,2026-04-10T18:44:28.085854,2026-04-10T18:44:28.085855
mock_0061,mock_user_0061,mock_script,2026-04-10T18:44:28.085875,60,female,Vinh,vocational,single,32.4,unemployed,Nông dân / Nông nghiệp,24846665,Đà Nẵng,freelance,nhập liệu|trang trí món ăn|sửa chữa|vệ sinh an toàn thực phẩm,4,0,0,1,0,0,1,4,True,2026-04-10T18:44:28.085878,2026-04-10T18:44:28.085879
mock_0062,mock_user_0062,mock_script,2026-04-10T18:44:28.085893,43,male,Đắk Lắk,university,married,20.8,retired,Nhân viên bán hàng,17815362,Qui Nhơn,part-time,chăm sóc khách hàng|lắp đặt|nấu ăn,3,0,0,0,1,0,1,4,True,2026-04-10T18:44:28.085895,2026-04-10T18:44:28.085896
mock_0063,mock_user_0063,mock_script,2026-04-10T18:44:28.085909,51,male,Hải Phòng,college,married,13.0,unemployed,Nông dân / Nông nghiệp,9837786,Bắc Ninh,full-time,chăn nuôi|pha chế đồ uống|sửa chữa,3,1,1,1,0,0,3,4,True,2026-04-10T18:44:28.085911,2026-04-10T18:44:28.085912
mock_0064,mock_user_0064,mock_script,2026-04-10T18:44:28.085925,41,female,Lâm Đồng,high,married,17.6,employed,Nông dân / Nông nghiệp,12642455,Nghệ An,full-time,may mặc|vệ sinh an toàn thực phẩm|kế toán|xây dựng,4,0,0,1,0,0,1,4,True,2026-04-10T18:44:28.085927,2026-04-10T18:44:28.085928
mock_0065,mock_user_0065,mock_script,2026-04-10T18:44:28.085940,39,male,Hải Dương,none,single,9.0,employed,Bảo vệ,6140936,Thái Nguyên,full-time,thu ngân|giặt ủi|kế toán,3,0,0,1,0,0,1,4,True,2026-04-10T18:44:28.085942,2026-04-10T18:44:28.085943
mock_0066,mock_user_0066,mock_script,2026-04-10T18:44:28.085957,51,male,Hà Nội,high,single,14.8,self-employed,Giúp việc / Dịh vụ,9825307,Vĩnh Phúc,part-time,đọc bản đồ|trộn vữa|pccc|đọc bản vẽ,4,0,1,0,0,0,1,4,True,2026-04-10T18:44:28.085959,2026-04-10T18:44:28.085960
mock_0067,mock_user_0067,mock_script,2026-04-10T18:44:28.085971,56,female,Lâm Đồng,none,married,35.9,employed,Pha chế,14398112,Vĩnh Phúc,part-time,kho vận,1,0,1,1,0,1,3,4,True,2026-04-10T18:44:28.085973,2026-04-10T18:44:28.085974
mock_0068,mock_user_0068,mock_script,2026-04-10T18:44:28.085986,65,female,Nha Trang,university,married,34.9,self-employed,Nhân viên bán hàng,27909164,Cần Thơ,part-time,kho vận|giao tiếp|thu ngân,3,0,0,0,0,0,0,4,True,2026-04-10T18:44:28.085989,2026-04-10T18:44:28.085990
mock_0069,mock_user_0069,mock_script,2026-04-10T18:44:28.086002,42,female,TP. Hồ Chí Minh,none,married,3.7,retired,Nhân viên kho vận,3700716,Qui Nhơn,part-time,giao tiếp,1,0,0,1,0,0,1,4,True,2026-04-10T18:44:28.086004,2026-04-10T18:44:28.086005
mock_0070,mock_user_0070,mock_script,2026-04-10T18:44:28.086017,62,male,Thái Nguyên,university,married,23.9,unemployed,Lái xe,23251925,Đắk Lắk,temporary,sử dụng máy nông nghiệp|trang trí món ăn,2,0,0,0,1,0,1,4,True,2026-04-10T18:44:28.086019,2026-04-10T18:44:28.086020
mock_0071,mock_user_0071,mock_script,2026-04-10T18:44:28.086032,50,male,Bình Dương,college,married,25.9,unemployed,Nhân viên bán hàng,15935979,Đà Lạt,full-time,chế biến thực phẩm|vệ sinh an toàn thực phẩm,2,0,0,0,0,0,0,4,True,2026-04-10T18:44:28.086034,2026-04-10T18:44:28.086035
mock_0072,mock_user_0072,mock_script,2026-04-10T18:44:28.086047,51,female,Buôn Ma Thuột,middle,divorced,26.5,self-employed,Công nhân sản xuất,15622167,Biên Hòa,full-time,chăm sóc khách hàng|sử dụng máy nông nghiệp|vệ sinh an toàn thực phẩm,3,0,1,0,0,0,1,4,True,2026-04-10T18:44:28.086050,2026-04-10T18:44:28.086051
mock_0073,mock_user_0073,mock_script,2026-04-10T18:44:28.086063,36,male,Hà Nam,university,single,9.7,retired,Bảo vệ,11741435,Nam Định,part-time,sửa chữa|chăm sóc người già,2,0,1,0,0,0,1,4,True,2026-04-10T18:44:28.086065,2026-04-10T18:44:28.086066
mock_0074,mock_user_0074,mock_script,2026-04-10T18:44:28.086082,55,male,Thanh Hóa,college,married,28.4,retired,Giúp việc / Dịh vụ,19066966,Đắk Lắk,part-time,điện nước|sử dụng máy nông nghiệp|pha chế đồ uống|giao tiếp,4,0,0,0,0,0,0,4,True,2026-04-10T18:44:28.086084,2026-04-10T18:44:28.086085
mock_0075,mock_user_0075,mock_script,2026-04-10T18:44:28.086098,64,male,Huế,middle,single,43.2,unemployed,Nhân viên kho vận,25249926,Thái Nguyên,temporary,lái xe|kiểm kê|nấu ăn,3,0,0,0,1,0,1,4,True,2026-04-10T18:44:28.086100,2026-04-10T18:44:28.086101
mock_0076,mock_user_0076,mock_script,2026-04-10T18:44:28.086112,60,other,Biên Hòa,high,single,28.2,employed,Nhân viên kho vận,15859804,Đà Nẵng,full-time,bán hàng nông sản,1,0,1,1,0,0,2,4,True,2026-04-10T18:44:28.086115,2026-04-10T18:44:28.086115
mock_0077,mock_user_0077,mock_script,2026-04-10T18:44:28.086131,62,male,Hải Phòng,none,divorced,27.6,retired,Bảo vệ,13027417,Hải Dương,part-time,trộn vữa|vệ sinh an toàn thực phẩm|bảo dưỡng xe,3,1,0,0,0,0,1,4,True,2026-04-10T18:44:28.086133,2026-04-10T18:44:28.086134
mock_0078,mock_user_0078,mock_script,2026-04-10T18:44:28.086147,64,female,Đắk Lắk,college,married,39.8,employed,Lái xe,28256735,Qui Nhơn,full-time,lái xe|may mặc,2,0,1,0,0,0,1,4,True,2026-04-10T18:44:28.086150,2026-04-10T18:44:28.086151
mock_0079,mock_user_0079,mock_script,2026-04-10T18:44:28.086162,51,female,Đà Nẵng,none,married,16.6,employed,Nhân viên kho vận,9608089,Đà Nẵng,full-time,đọc bản vẽ,1,0,0,1,0,0,1,4,True,2026-04-10T18:44:28.086164,2026-04-10T18:44:28.086165
mock_0080,mock_user_0080,mock_script,2026-04-10T18:44:28.086177,42,other,Nam Định,high,married,5.0,retired,Giúp việc / Dịh vụ,4496373,Nam Định,full-time,kế toán|chăn nuôi,2,0,0,0,0,0,0,4,True,2026-04-10T18:44:28.086179,2026-04-10T18:44:28.086180
mock_0081,mock_user_0081,mock_script,2026-04-10T18:44:28.086193,58,male,Đà Lạt,university,married,32.4,employed,Nhân viên phục vụ,27389184,Bắc Ninh,freelance,trồng trọt|lắp đặt|lắp ráp|sử dụng máy nông nghiệp,4,0,0,0,0,1,1,4,True,2026-04-10T18:44:28.086195,2026-04-10T18:44:28.086196
mock_0082,mock_user_0082,mock_script,2026-04-10T18:44:28.086209,47,female,Hà Nội,middle,single,21.5,employed,Nhân viên bán hàng,13314335,Thái Nguyên,full-time,giao tiếp|kế toán|chế biến thực phẩm,3,0,0,0,0,1,1,4,True,2026-04-10T18:44:28.086211,2026-04-10T18:44:28.086212
mock_0083,mock_user_0083,mock_script,2026-04-10T18:44:28.086225,51,male,Quảng Nam,university,married,32.0,employed,Nhân viên bán hàng,20103813,Buôn Ma Thuột,temporary,trộn vữa,1,0,0,0,0,0,0,4,True,2026-04-10T18:44:28.086227,2026-04-10T18:44:28.086228
mock_0084,mock_user_0084,mock_script,2026-04-10T18:44:28.086240,50,male,Hà Tĩnh,university,single,21.6,employed,Công nhân sản xuất,15166107,Bình Dương,full-time,lắp ráp|may mặc,2,0,0,1,0,0,1,4,True,2026-04-10T18:44:28.086242,2026-04-10T18:44:28.086243
mock_0085,mock_user_0085,mock_script,2026-04-10T18:44:28.086255,59,female,Hà Tĩnh,high,single,37.8,unemployed,Pha chế,24620095,Thanh Hóa,freelance,chế biến thực phẩm|thu ngân|bartender,3,0,0,0,0,0,0,4,True,2026-04-10T18:44:28.086258,2026-04-10T18:44:28.086259
mock_0086,mock_user_0086,mock_script,2026-04-10T18:44:28.086271,50,female,Nam Định,none,widowed,13.1,retired,Lái xe,7239392,Đà Nẵng,part-time,làm việc nhóm|lái xe,2,1,0,0,0,0,1,4,True,2026-04-10T18:44:28.086274,2026-04-10T18:44:28.086275
mock_0087,mock_user_0087,mock_script,2026-04-10T18:44:28.086287,54,male,Thanh Hóa,middle,married,24.2,unemployed,Thợ lành nghề,14349919,Vĩnh Phúc,temporary,giao hàng|pccc,2,0,0,0,0,0,0,4,True,2026-04-10T18:44:28.086289,2026-04-10T18:44:28.086290
mock_0088,mock_user_0088,mock_script,2026-04-10T18:44:28.086305,38,male,Đà Lạt,vocational,divorced,1.6,employed,Bảo vệ,3850322,Bình Dương,full-time,kiểm tra chất lượng,1,0,0,0,1,0,1,4,True,2026-04-10T18:44:28.086307,2026-04-10T18:44:28.086308
mock_0089,mock_user_0089,mock_script,2026-04-10T18:44:28.086321,60,female,Đà Lạt,vocational,single,20.6,employed,Công nhân sản xuất,15514412,Hà Nam,part-time,làm việc nhóm|quản lý thời gian|chăm sóc khách hàng|lắp ráp,4,0,0,0,0,0,0,4,True,2026-04-10T18:44:28.086324,2026-04-10T18:44:28.086325
mock_0090,mock_user_0090,mock_script,2026-04-10T18:44:28.086338,61,male,Quảng Nam,none,married,30.7,unemployed,Kế toán / Hành chính,13579484,Hà Nội,part-time,chế biến thực phẩm|giặt ủi|giao hàng,3,0,0,1,0,0,1,4,True,2026-04-10T18:44:28.086340,2026-04-10T18:44:28.086341
mock_0091,mock_user_0091,mock_script,2026-04-10T18:44:28.086353,47,male,Đà Lạt,middle,divorced,20.5,employed,Thợ lành nghề,12295567,Vĩnh Phúc,full-time,điện nước|kiểm kê|lắp ráp,3,0,0,0,0,1,1,4,True,2026-04-10T18:44:28.086356,2026-04-10T18:44:28.086356
mock_0092,mock_user_0092,mock_script,2026-04-10T18:44:28.086368,52,other,Nam Định,primary,married,13.1,unemployed,Công nhân sản xuất,8236634,Buôn Ma Thuột,full-time,pccc,1,1,0,0,0,1,2,4,True,2026-04-10T18:44:28.086370,2026-04-10T18:44:28.086371
mock_0093,mock_user_0093,mock_script,2026-04-10T18:44:28.086384,43,male,Vũng Tàu,vocational,married,14.1,retired,Lao động xây dựng,11852722,Vĩnh Phúc,freelance,giao hàng,1,0,0,0,0,0,0,4,True,2026-04-10T18:44:28.086387,2026-04-10T18:44:28.086388
mock_0094,mock_user_0094,mock_script,2026-04-10T18:44:28.086403,58,female,Nam Định,high,married,18.9,retired,Giúp việc / Dịh vụ,12979177,Biên Hòa,full-time,chăn nuôi|làm việc nhóm,2,0,0,0,0,0,0,4,True,2026-04-10T18:44:28.086405,2026-04-10T18:44:28.086406
mock_0095,mock_user_0095,mock_script,2026-04-10T18:44:28.086417,53,female,Huế,college,married,30.9,employed,Công nhân sản xuất,22881266,Nghệ An,freelance,sửa chữa,1,0,0,0,0,0,0,4,True,2026-04-10T18:44:28.086419,2026-04-10T18:44:28.086420
mock_0096,mock_user_0096,mock_script,2026-04-10T18:44:28.086431,64,female,Qui Nhơn,vocational,married,41.0,employed,Công nhân sản xuất,30484441,Đắk Lắk,full-time,điện nước,1,1,0,1,0,0,2,4,True,2026-04-10T18:44:28.086433,2026-04-10T18:44:28.086434
mock_0097,mock_user_0097,mock_script,2026-04-10T18:44:28.086446,62,female,Thái Nguyên,college,married,25.0,employed,Nhân viên phục vụ,17683576,Buôn Ma Thuột,full-time,vận hành máy móc|pha chế,2,0,0,0,0,0,0,4,True,2026-04-10T18:44:28.086448,2026-04-10T18:44:28.086449
mock_0098,mock_user_0098,mock_script,2026-04-10T18:44:28.086462,54,female,TP. Hồ Chí Minh,primary,married,18.9,self-employed,Lao động xây dựng,9343406,Hà Nam,full-time,chăn nuôi|đóng gói|chế biến thực phẩm|bartender,4,0,0,1,1,0,2,4,True,2026-04-10T18:44:28.086464,2026-04-10T18:44:28.086465
mock_0099,mock_user_0099,mock_script,2026-04-10T18:44:28.086478,51,female,TP. Hồ Chí Minh,university,divorced,11.9,self-employed,Nhân viên kho vận,12360893,Đà Nẵng,freelance,sơn sửa nhà|điện nước|pha chế|nấu ăn,4,0,0,1,0,0,1,4,True,2026-04-10T18:44:28.086480,2026-04-10T18:44:28.086481
mock_0100,mock_user_0100,mock_script,2026-04-10T18:44:28.086493,43,male,Bắc Ninh,primary,single,10.3,unemployed,Công nhân sản xuất,8214681,Hà Nam,full-time,bảo vệ|bán hàng nông sản,2,0,0,0,1,0,1,4,True,2026-04-10T18:44:28.086496,2026-04-10T18:44:28.086497
