id,userId,data_source,exported_at,age,gender,province,education,marital_status,experience_years,employment_status,target_job,target_salary,target_province,preferred_job_type,skills,skills_count,barrier_health,barrier_family,barrier_techGap,barrier_location,barrier_other,total_barriers,current_step,is_completed,created_at,updated_at,training_weight,merged_at,age_group,has_barriers,experience_age_ratio,education_level,is_male,is_female,is_married,cleaned_at
mock_0001,mock_user_0001,mock_script,2026-04-10T18:52:04.899005,45,female,Hải Dương,primary,single,7.3,retired,Bảo vệ,4593860,Thái Bình,part-time,sơn sửa nhà,1,0,0,0,0,0,0,4,True,2026-04-10T18:52:04.899018,2026-04-10T18:52:04.899020,0.5,2026-04-10T18:52:04.953429,45-49,0,0.6636363636363636,1,0,1,0,2026-04-10T19:11:53.780708
mock_0064,mock_user_0064,mock_script,2026-04-10T18:52:04.900734,41,female,Lâm Đồng,high,married,17.6,employed,Nông dân / Nông nghiệp,12642455,Nghệ An,full-time,kế toán|may mặc|vệ sinh an toàn thực phẩm|xây dựng,4,0,0,1,0,0,1,4,True,2026-04-10T18:52:04.900737,2026-04-10T18:52:04.900738,0.5,2026-04-10T18:52:04.953429,35-44,1,2.5142857142857147,3,0,1,1,2026-04-10T19:11:53.780708
mock_0074,mock_user_0074,mock_script,2026-04-10T18:52:04.901016,55,male,Thanh Hóa,college,married,28.4,retired,Giúp việc / Dịh vụ,19066966,Đắk Lắk,part-time,giao tiếp|pha chế đồ uống|sử dụng máy nông nghiệp|điện nước,4,0,0,0,0,0,0,4,True,2026-04-10T18:52:04.901020,2026-04-10T18:52:04.901021,0.5,2026-04-10T18:52:04.953429,55-59,0,1.3523809523809522,5,1,0,1,2026-04-10T19:11:53.780708
mock_0073,mock_user_0073,mock_script,2026-04-10T18:52:04.900993,36,male,Hà Nam,university,single,9.7,retired,Bảo vệ,11741435,Nam Định,part-time,chăm sóc người già|sửa chữa,2,0,1,0,0,0,1,4,True,2026-04-10T18:52:04.900996,2026-04-10T18:52:04.900997,0.5,2026-04-10T18:52:04.953429,35-44,1,4.85,6,1,0,0,2026-04-10T19:11:53.780708
mock_0072,mock_user_0072,mock_script,2026-04-10T18:52:04.900970,51,female,Buôn Ma Thuột,middle,divorced,26.5,self-employed,Công nhân sản xuất,15622167,Biên Hòa,full-time,chăm sóc khách hàng|sử dụng máy nông nghiệp|vệ sinh an toàn thực phẩm,3,0,1,0,0,0,1,4,True,2026-04-10T18:52:04.900974,2026-04-10T18:52:04.900975,0.5,2026-04-10T18:52:04.953429,50-54,1,1.5588235294117647,2,0,1,0,2026-04-10T19:11:53.780708
mock_0071,mock_user_0071,mock_script,2026-04-10T18:52:04.900947,50,male,Bình Dương,college,married,25.9,unemployed,Nhân viên bán hàng,15935979,Đà Lạt,full-time,chế biến thực phẩm|vệ sinh an toàn thực phẩm,2,0,0,0,0,0,0,4,True,2026-04-10T18:52:04.900950,2026-04-10T18:52:04.900951,0.5,2026-04-10T18:52:04.953429,50-54,0,1.61875,5,1,0,1,2026-04-10T19:11:53.780708
mock_0070,mock_user_0070,mock_script,2026-04-10T18:52:04.900919,62,male,Thái Nguyên,university,married,23.9,unemployed,Lái xe,23251925,Đắk Lắk,temporary,sử dụng máy nông nghiệp|trang trí món ăn,2,0,0,0,1,0,1,4,True,2026-04-10T18:52:04.900923,2026-04-10T18:52:04.900925,0.5,2026-04-10T18:52:04.953429,60-70,1,0.8535714285714285,6,1,0,1,2026-04-10T19:11:53.780708
mock_0069,mock_user_0069,mock_script,2026-04-10T18:52:04.900883,42,female,TP. Hồ Chí Minh,none,married,3.7,retired,Nhân viên kho vận,3700716,Qui Nhơn,part-time,giao tiếp,1,0,0,1,0,0,1,4,True,2026-04-10T18:52:04.900888,2026-04-10T18:52:04.900891,0.5,2026-04-10T18:52:04.953429,35-44,1,0.4625,0,0,1,1,2026-04-10T19:11:53.780708
mock_0068,mock_user_0068,mock_script,2026-04-10T18:52:04.900845,65,female,Nha Trang,university,married,34.9,self-employed,Nhân viên bán hàng,27909164,Cần Thơ,part-time,giao tiếp|kho vận|thu ngân,3,0,0,0,0,0,0,4,True,2026-04-10T18:52:04.900850,2026-04-10T18:52:04.900853,0.5,2026-04-10T18:52:04.953429,60-70,0,1.1258064516129032,6,0,1,1,2026-04-10T19:11:53.780708
mock_0067,mock_user_0067,mock_script,2026-04-10T18:52:04.900811,56,female,Lâm Đồng,none,married,35.9,employed,Pha chế,14398112,Vĩnh Phúc,part-time,kho vận,1,0,1,1,0,1,3,4,True,2026-04-10T18:52:04.900816,2026-04-10T18:52:04.900818,0.5,2026-04-10T18:52:04.953429,55-59,1,1.6318181818181818,0,0,1,1,2026-04-10T19:11:53.780708
mock_0066,mock_user_0066,mock_script,2026-04-10T18:52:04.900784,51,male,Hà Nội,high,single,14.8,self-employed,Giúp việc / Dịh vụ,9825307,Vĩnh Phúc,part-time,pccc|trộn vữa|đọc bản vẽ|đọc bản đồ,4,0,1,0,0,0,1,4,True,2026-04-10T18:52:04.900788,2026-04-10T18:52:04.900789,0.5,2026-04-10T18:52:04.953429,50-54,1,0.8705882352941177,3,1,0,0,2026-04-10T19:11:53.780708
mock_0065,mock_user_0065,mock_script,2026-04-10T18:52:04.900756,39,male,Hải Dương,none,single,9.0,employed,Bảo vệ,6140936,Thái Nguyên,full-time,giặt ủi|kế toán|thu ngân,3,0,0,1,0,0,1,4,True,2026-04-10T18:52:04.900759,2026-04-10T18:52:04.900761,0.5,2026-04-10T18:52:04.953429,35-44,1,1.8,0,1,0,0,2026-04-10T19:11:53.780708
mock_0063,mock_user_0063,mock_script,2026-04-10T18:52:04.900711,51,male,Hải Phòng,college,married,13.0,unemployed,Nông dân / Nông nghiệp,9837786,Bắc Ninh,full-time,chăn nuôi|pha chế đồ uống|sửa chữa,3,1,1,1,0,0,3,4,True,2026-04-10T18:52:04.900714,2026-04-10T18:52:04.900716,0.5,2026-04-10T18:52:04.953429,50-54,1,0.7647058823529411,5,1,0,1,2026-04-10T19:11:53.780708
mock_0002,mock_user_0002,mock_script,2026-04-10T18:52:04.899065,52,female,Hà Nam,university,divorced,29.7,unemployed,Nhân viên phục vụ,27448851,Bình Dương,full-time,chăm sóc người già|lái xe|đọc bản đồ,3,1,0,0,0,0,1,4,True,2026-04-10T18:52:04.899071,2026-04-10T18:52:04.899072,0.5,2026-04-10T18:52:04.953429,50-54,1,1.65,6,0,1,0,2026-04-10T19:11:53.780708
mock_0062,mock_user_0062,mock_script,2026-04-10T18:52:04.900688,43,male,Đắk Lắk,university,married,20.8,retired,Nhân viên bán hàng,17815362,Qui Nhơn,part-time,chăm sóc khách hàng|lắp đặt|nấu ăn,3,0,0,0,1,0,1,4,True,2026-04-10T18:52:04.900691,2026-04-10T18:52:04.900693,0.5,2026-04-10T18:52:04.953429,35-44,1,2.311111111111112,6,1,0,1,2026-04-10T19:11:53.780708
mock_0061,mock_user_0061,mock_script,2026-04-10T18:52:04.900665,60,female,Vinh,vocational,single,32.4,unemployed,Nông dân / Nông nghiệp,24846665,Đà Nẵng,freelance,nhập liệu|sửa chữa|trang trí món ăn|vệ sinh an toàn thực phẩm,4,0,0,1,0,0,1,4,True,2026-04-10T18:52:04.900668,2026-04-10T18:52:04.900669,0.5,2026-04-10T18:52:04.953429,60-70,1,1.2461538461538462,4,0,1,0,2026-04-10T19:11:53.780708
mock_0060,mock_user_0060,mock_script,2026-04-10T18:52:04.900640,53,female,Đắk Lắk,primary,married,22.1,retired,Nông dân / Nông nghiệp,11047043,Bắc Ninh,temporary,kho vận|phục vụ bàn|sử dụng máy nông nghiệp,3,0,0,1,1,0,2,4,True,2026-04-10T18:52:04.900644,2026-04-10T18:52:04.900645,0.5,2026-04-10T18:52:04.953429,50-54,1,1.1631578947368422,1,0,1,1,2026-04-10T19:11:53.780708
mock_0059,mock_user_0059,mock_script,2026-04-10T18:52:04.900605,46,female,Thái Bình,high,single,13.1,employed,Thợ lành nghề,9876093,Bình Dương,part-time,chăm sóc người già|may mặc|sửa chữa,3,0,0,0,0,0,0,4,True,2026-04-10T18:52:04.900608,2026-04-10T18:52:04.900614,0.5,2026-04-10T18:52:04.953429,45-49,0,1.0916666666666666,3,0,1,0,2026-04-10T19:11:53.780708
mock_0058,mock_user_0058,mock_script,2026-04-10T18:52:04.900582,41,female,Thanh Hóa,college,single,18.1,unemployed,Nhân viên kho vận,17036284,Thanh Hóa,part-time,may mặc,1,0,0,1,0,0,1,4,True,2026-04-10T18:52:04.900585,2026-04-10T18:52:04.900587,0.5,2026-04-10T18:52:04.953429,35-44,1,2.585714285714286,5,0,1,0,2026-04-10T19:11:53.780708
mock_0057,mock_user_0057,mock_script,2026-04-10T18:52:04.900561,47,female,Đà Lạt,vocational,single,28.6,self-employed,Bảo vệ,16060759,Bình Dương,temporary,giao hàng,1,1,0,1,0,0,2,4,True,2026-04-10T18:52:04.900564,2026-04-10T18:52:04.900565,0.5,2026-04-10T18:52:04.953429,45-49,1,2.2,4,0,1,0,2026-04-10T19:11:53.780708
mock_0056,mock_user_0056,mock_script,2026-04-10T18:52:04.900540,36,other,Buôn Ma Thuột,university,married,3.8,unemployed,Lái xe,5716613,Nam Định,temporary,pha chế đồ uống|sơn sửa nhà,2,1,0,1,0,0,2,4,True,2026-04-10T18:52:04.900543,2026-04-10T18:52:04.900544,0.5,2026-04-10T18:52:04.953429,35-44,1,1.9,6,0,0,1,2026-04-10T19:11:53.780708
mock_0055,mock_user_0055,mock_script,2026-04-10T18:52:04.900518,61,female,Bắc Ninh,university,married,41.7,employed,Pha chế,30319118,Đà Nẵng,full-time,sử dụng máy nông nghiệp|đọc bản đồ,2,0,0,0,0,1,1,4,True,2026-04-10T18:52:04.900521,2026-04-10T18:52:04.900523,0.5,2026-04-10T18:52:04.953429,60-70,1,1.5444444444444445,6,0,1,1,2026-04-10T19:11:53.780708
mock_0054,mock_user_0054,mock_script,2026-04-10T18:52:04.900496,42,other,Nghệ An,middle,married,5.1,self-employed,Lao động xây dựng,4465130,Huế,full-time,chăm sóc người già|vận hành máy móc,2,0,0,0,0,0,0,4,True,2026-04-10T18:52:04.900499,2026-04-10T18:52:04.900500,0.5,2026-04-10T18:52:04.953429,35-44,0,0.6375,2,0,0,1,2026-04-10T19:11:53.780708
mock_0053,mock_user_0053,mock_script,2026-04-10T18:52:04.900473,63,male,Bình Dương,university,married,34.8,unemployed,Công nhân sản xuất,27417013,Hải Dương,part-time,xây dựng|đóng gói|đọc bản đồ,3,1,0,0,0,0,1,4,True,2026-04-10T18:52:04.900476,2026-04-10T18:52:04.900478,0.5,2026-04-10T18:52:04.953429,60-70,1,1.2,6,1,0,1,2026-04-10T19:11:53.780708
mock_0075,mock_user_0075,mock_script,2026-04-10T18:52:04.901039,64,male,Huế,middle,single,43.2,unemployed,Nhân viên kho vận,25249926,Thái Nguyên,temporary,kiểm kê|lái xe|nấu ăn,3,0,0,0,1,0,1,4,True,2026-04-10T18:52:04.901043,2026-04-10T18:52:04.901044,0.5,2026-04-10T18:52:04.953429,60-70,1,1.4400000000000002,2,1,0,0,2026-04-10T19:11:53.780708
mock_0076,mock_user_0076,mock_script,2026-04-10T18:52:04.901060,60,other,Biên Hòa,high,single,28.2,employed,Nhân viên kho vận,15859804,Đà Nẵng,full-time,bán hàng nông sản,1,0,1,1,0,0,2,4,True,2026-04-10T18:52:04.901063,2026-04-10T18:52:04.901067,0.5,2026-04-10T18:52:04.953429,60-70,1,1.0846153846153843,3,0,0,0,2026-04-10T19:11:53.780708
mock_0077,mock_user_0077,mock_script,2026-04-10T18:52:04.901096,62,male,Hải Phòng,none,divorced,27.6,retired,Bảo vệ,13027417,Hải Dương,part-time,bảo dưỡng xe|trộn vữa|vệ sinh an toàn thực phẩm,3,1,0,0,0,0,1,4,True,2026-04-10T18:52:04.901102,2026-04-10T18:52:04.901104,0.5,2026-04-10T18:52:04.953429,60-70,1,0.9857142857142858,0,1,0,0,2026-04-10T19:11:53.780708
mock_0078,mock_user_0078,mock_script,2026-04-10T18:52:04.901125,64,female,Đắk Lắk,college,married,39.8,employed,Lái xe,28256735,Qui Nhơn,full-time,lái xe|may mặc,2,0,1,0,0,0,1,4,True,2026-04-10T18:52:04.901129,2026-04-10T18:52:04.901130,0.5,2026-04-10T18:52:04.953429,60-70,1,1.3266666666666669,5,0,1,1,2026-04-10T19:11:53.780708
mock_0099,mock_user_0099,mock_script,2026-04-10T18:52:04.901593,51,female,TP. Hồ Chí Minh,university,divorced,11.9,self-employed,Nhân viên kho vận,12360893,Đà Nẵng,freelance,nấu ăn|pha chế|sơn sửa nhà|điện nước,4,0,0,1,0,0,1,4,True,2026-04-10T18:52:04.901598,2026-04-10T18:52:04.901599,0.5,2026-04-10T18:52:04.953429,50-54,1,0.7000000000000001,6,0,1,0,2026-04-10T19:11:53.780708
mock_0098,mock_user_0098,mock_script,2026-04-10T18:52:04.901570,54,female,TP. Hồ Chí Minh,primary,married,18.9,self-employed,Lao động xây dựng,9343406,Hà Nam,full-time,bartender|chăn nuôi|chế biến thực phẩm|đóng gói,4,0,0,1,1,0,2,4,True,2026-04-10T18:52:04.901573,2026-04-10T18:52:04.901574,0.5,2026-04-10T18:52:04.953429,50-54,1,0.945,1,0,1,1,2026-04-10T19:11:53.780708
mock_0097,mock_user_0097,mock_script,2026-04-10T18:52:04.901547,62,female,Thái Nguyên,college,married,25.0,employed,Nhân viên phục vụ,17683576,Buôn Ma Thuột,full-time,pha chế|vận hành máy móc,2,0,0,0,0,0,0,4,True,2026-04-10T18:52:04.901550,2026-04-10T18:52:04.901552,0.5,2026-04-10T18:52:04.953429,60-70,0,0.8928571428571429,5,0,1,1,2026-04-10T19:11:53.780708
mock_0096,mock_user_0096,mock_script,2026-04-10T18:52:04.901526,64,female,Qui Nhơn,vocational,married,41.0,employed,Công nhân sản xuất,30484441,Đắk Lắk,full-time,điện nước,1,1,0,1,0,0,2,4,True,2026-04-10T18:52:04.901529,2026-04-10T18:52:04.901530,0.5,2026-04-10T18:52:04.953429,60-70,1,1.3666666666666667,4,0,1,1,2026-04-10T19:11:53.780708
mock_0095,mock_user_0095,mock_script,2026-04-10T18:52:04.901506,53,female,Huế,college,married,30.9,employed,Công nhân sản xuất,22881266,Nghệ An,freelance,sửa chữa,1,0,0,0,0,0,0,4,True,2026-04-10T18:52:04.901509,2026-04-10T18:52:04.901510,0.5,2026-04-10T18:52:04.953429,50-54,0,1.6263157894736842,5,0,1,1,2026-04-10T19:11:53.780708
mock_0094,mock_user_0094,mock_script,2026-04-10T18:52:04.901486,58,female,Nam Định,high,married,18.9,retired,Giúp việc / Dịh vụ,12979177,Biên Hòa,full-time,chăn nuôi|làm việc nhóm,2,0,0,0,0,0,0,4,True,2026-04-10T18:52:04.901489,2026-04-10T18:52:04.901490,0.5,2026-04-10T18:52:04.953429,55-59,0,0.7875,3,0,1,1,2026-04-10T19:11:53.780708
mock_0093,mock_user_0093,mock_script,2026-04-10T18:52:04.901463,43,male,Vũng Tàu,vocational,married,14.1,retired,Lao động xây dựng,11852722,Vĩnh Phúc,freelance,giao hàng,1,0,0,0,0,0,0,4,True,2026-04-10T18:52:04.901466,2026-04-10T18:52:04.901467,0.5,2026-04-10T18:52:04.953429,35-44,0,1.5666666666666669,4,1,0,1,2026-04-10T19:11:53.780708
mock_0092,mock_user_0092,mock_script,2026-04-10T18:52:04.901436,52,other,Nam Định,primary,married,13.1,unemployed,Công nhân sản xuất,8236634,Buôn Ma Thuột,full-time,pccc,1,1,0,0,0,1,2,4,True,2026-04-10T18:52:04.901440,2026-04-10T18:52:04.901441,0.5,2026-04-10T18:52:04.953429,50-54,1,0.7277777777777777,1,0,0,1,2026-04-10T19:11:53.780708
mock_0091,mock_user_0091,mock_script,2026-04-10T18:52:04.901416,47,male,Đà Lạt,middle,divorced,20.5,employed,Thợ lành nghề,12295567,Vĩnh Phúc,full-time,kiểm kê|lắp ráp|điện nước,3,0,0,0,0,1,1,4,True,2026-04-10T18:52:04.901419,2026-04-10T18:52:04.901420,0.5,2026-04-10T18:52:04.953429,45-49,1,1.5769230769230769,2,1,0,0,2026-04-10T19:11:53.780708
mock_0090,mock_user_0090,mock_script,2026-04-10T18:52:04.901394,61,male,Quảng Nam,none,married,30.7,unemployed,Kế toán / Hành chính,13579484,Hà Nội,part-time,chế biến thực phẩm|giao hàng|giặt ủi,3,0,0,1,0,0,1,4,True,2026-04-10T18:52:04.901397,2026-04-10T18:52:04.901399,0.5,2026-04-10T18:52:04.953429,60-70,1,1.137037037037037,0,1,0,1,2026-04-10T19:11:53.780708
mock_0089,mock_user_0089,mock_script,2026-04-10T18:52:04.901371,60,female,Đà Lạt,vocational,single,20.6,employed,Công nhân sản xuất,15514412,Hà Nam,part-time,chăm sóc khách hàng|làm việc nhóm|lắp ráp|quản lý thời gian,4,0,0,0,0,0,0,4,True,2026-04-10T18:52:04.901375,2026-04-10T18:52:04.901376,0.5,2026-04-10T18:52:04.953429,60-70,0,0.7923076923076924,4,0,1,0,2026-04-10T19:11:53.780708
mock_0088,mock_user_0088,mock_script,2026-04-10T18:52:04.901346,38,male,Đà Lạt,vocational,divorced,1.6,employed,Bảo vệ,3850322,Bình Dương,full-time,kiểm tra chất lượng,1,0,0,0,1,0,1,4,True,2026-04-10T18:52:04.901348,2026-04-10T18:52:04.901350,0.5,2026-04-10T18:52:04.953429,35-44,1,0.4,4,1,0,0,2026-04-10T19:11:53.780708
mock_0087,mock_user_0087,mock_script,2026-04-10T18:52:04.901323,54,male,Thanh Hóa,middle,married,24.2,unemployed,Thợ lành nghề,14349919,Vĩnh Phúc,temporary,giao hàng|pccc,2,0,0,0,0,0,0,4,True,2026-04-10T18:52:04.901327,2026-04-10T18:52:04.901328,0.5,2026-04-10T18:52:04.953429,50-54,0,1.21,2,1,0,1,2026-04-10T19:11:53.780708
mock_0086,mock_user_0086,mock_script,2026-04-10T18:52:04.901302,50,female,Nam Định,none,widowed,13.1,retired,Lái xe,7239392,Đà Nẵng,part-time,làm việc nhóm|lái xe,2,1,0,0,0,0,1,4,True,2026-04-10T18:52:04.901305,2026-04-10T18:52:04.901306,0.5,2026-04-10T18:52:04.953429,50-54,1,0.81875,0,0,1,0,2026-04-10T19:11:53.780708
mock_0085,mock_user_0085,mock_script,2026-04-10T18:52:04.901278,59,female,Hà Tĩnh,high,single,37.8,unemployed,Pha chế,24620095,Thanh Hóa,freelance,bartender|chế biến thực phẩm|thu ngân,3,0,0,0,0,0,0,4,True,2026-04-10T18:52:04.901282,2026-04-10T18:52:04.901283,0.5,2026-04-10T18:52:04.953429,55-59,0,1.5119999999999998,3,0,1,0,2026-04-10T19:11:53.780708
mock_0084,mock_user_0084,mock_script,2026-04-10T18:52:04.901256,50,male,Hà Tĩnh,university,single,21.6,employed,Công nhân sản xuất,15166107,Bình Dương,full-time,lắp ráp|may mặc,2,0,0,1,0,0,1,4,True,2026-04-10T18:52:04.901259,2026-04-10T18:52:04.901260,0.5,2026-04-10T18:52:04.953429,50-54,1,1.35,6,1,0,0,2026-04-10T19:11:53.780708
mock_0083,mock_user_0083,mock_script,2026-04-10T18:52:04.901235,51,male,Quảng Nam,university,married,32.0,employed,Nhân viên bán hàng,20103813,Buôn Ma Thuột,temporary,trộn vữa,1,0,0,0,0,0,0,4,True,2026-04-10T18:52:04.901238,2026-04-10T18:52:04.901240,0.5,2026-04-10T18:52:04.953429,50-54,0,1.8823529411764703,6,1,0,1,2026-04-10T19:11:53.780708
mock_0082,mock_user_0082,mock_script,2026-04-10T18:52:04.901215,47,female,Hà Nội,middle,single,21.5,employed,Nhân viên bán hàng,13314335,Thái Nguyên,full-time,chế biến thực phẩm|giao tiếp|kế toán,3,0,0,0,0,1,1,4,True,2026-04-10T18:52:04.901218,2026-04-10T18:52:04.901220,0.5,2026-04-10T18:52:04.953429,45-49,1,1.6538461538461535,2,0,1,0,2026-04-10T19:11:53.780708
mock_0081,mock_user_0081,mock_script,2026-04-10T18:52:04.901193,58,male,Đà Lạt,university,married,32.4,employed,Nhân viên phục vụ,27389184,Bắc Ninh,freelance,lắp ráp|lắp đặt|sử dụng máy nông nghiệp|trồng trọt,4,0,0,0,0,1,1,4,True,2026-04-10T18:52:04.901197,2026-04-10T18:52:04.901198,0.5,2026-04-10T18:52:04.953429,55-59,1,1.35,6,1,0,1,2026-04-10T19:11:53.780708
mock_0080,mock_user_0080,mock_script,2026-04-10T18:52:04.901170,42,other,Nam Định,high,married,5.0,retired,Giúp việc / Dịh vụ,4496373,Nam Định,full-time,chăn nuôi|kế toán,2,0,0,0,0,0,0,4,True,2026-04-10T18:52:04.901173,2026-04-10T18:52:04.901174,0.5,2026-04-10T18:52:04.953429,35-44,0,0.625,3,0,0,1,2026-04-10T19:11:53.780708
mock_0079,mock_user_0079,mock_script,2026-04-10T18:52:04.901147,51,female,Đà Nẵng,none,married,16.6,employed,Nhân viên kho vận,9608089,Đà Nẵng,full-time,đọc bản vẽ,1,0,0,1,0,0,1,4,True,2026-04-10T18:52:04.901152,2026-04-10T18:52:04.901153,0.5,2026-04-10T18:52:04.953429,50-54,1,0.9764705882352942,0,0,1,1,2026-04-10T19:11:53.780708
mock_0052,mock_user_0052,mock_script,2026-04-10T18:52:04.900450,51,male,Đà Nẵng,primary,married,22.7,self-employed,Thợ lành nghề,14364692,Bình Dương,freelance,bảo dưỡng xe|trồng trọt|vận hành máy móc,3,0,1,0,0,0,1,4,True,2026-04-10T18:52:04.900453,2026-04-10T18:52:04.900454,0.5,2026-04-10T18:52:04.953429,50-54,1,1.3352941176470587,1,1,0,1,2026-04-10T19:11:53.780708
mock_0051,mock_user_0051,mock_script,2026-04-10T18:52:04.900426,40,male,Buôn Ma Thuột,primary,married,16.6,retired,Công nhân sản xuất,8057303,Vĩnh Phúc,full-time,vệ sinh an toàn thực phẩm,1,0,1,0,1,0,2,4,True,2026-04-10T18:52:04.900429,2026-04-10T18:52:04.900430,0.5,2026-04-10T18:52:04.953429,35-44,1,2.766666666666667,1,1,0,1,2026-04-10T19:11:53.780708
mock_0050,mock_user_0050,mock_script,2026-04-10T18:52:04.900404,39,male,Nghệ An,high,divorced,5.0,unemployed,Nhân viên bán hàng,5049507,TP. Hồ Chí Minh,freelance,bán hàng|nhập liệu|nấu ăn|pha chế đồ uống,4,0,0,0,0,0,0,4,True,2026-04-10T18:52:04.900408,2026-04-10T18:52:04.900409,0.5,2026-04-10T18:52:04.953429,35-44,0,1.0,3,1,0,0,2026-04-10T19:11:53.780708
mock_0025,mock_user_0025,mock_script,2026-04-10T18:52:04.899647,62,female,Bắc Ninh,college,divorced,40.3,unemployed,Thợ lành nghề,27225175,Hải Dương,freelance,nấu ăn|quản lý thời gian,2,0,0,0,0,1,1,4,True,2026-04-10T18:52:04.899650,2026-04-10T18:52:04.899652,0.5,2026-04-10T18:52:04.953429,60-70,1,1.4392857142857145,5,0,1,0,2026-04-10T19:11:53.780708
mock_0023,mock_user_0023,mock_script,2026-04-10T18:52:04.899602,44,male,Đắk Lắk,university,widowed,18.8,employed,Kế toán / Hành chính,14474744,Hà Tĩnh,full-time,bảo vệ|làm việc nhóm|thu ngân|vận hành máy móc,4,0,0,0,0,0,0,4,True,2026-04-10T18:52:04.899605,2026-04-10T18:52:04.899606,0.5,2026-04-10T18:52:04.953429,35-44,0,1.88,6,1,0,0,2026-04-10T19:11:53.780708
mock_0022,mock_user_0022,mock_script,2026-04-10T18:52:04.899579,41,female,TP. Hồ Chí Minh,primary,married,9.9,retired,Lao động xây dựng,7529906,TP. Hồ Chí Minh,full-time,giao tiếp|sơn sửa nhà|vận hành máy móc,3,0,0,0,0,0,0,4,True,2026-04-10T18:52:04.899582,2026-04-10T18:52:04.899584,0.5,2026-04-10T18:52:04.953429,35-44,0,1.4142857142857144,1,0,1,1,2026-04-10T19:11:53.780708
mock_0021,mock_user_0021,mock_script,2026-04-10T18:52:04.899557,53,female,Lâm Đồng,college,married,21.0,employed,Công nhân sản xuất,17258750,Hà Nội,part-time,vệ sinh an toàn thực phẩm,1,0,0,0,0,0,0,4,True,2026-04-10T18:52:04.899560,2026-04-10T18:52:04.899561,0.5,2026-04-10T18:52:04.953429,50-54,0,1.105263157894737,5,0,1,1,2026-04-10T19:11:53.780708
mock_0020,mock_user_0020,mock_script,2026-04-10T18:52:04.899535,53,male,Bình Dương,none,single,16.9,self-employed,Lao động xây dựng,8920241,Nam Định,full-time,kiểm tra chất lượng|pccc|sửa chữa,3,1,0,1,1,0,3,4,True,2026-04-10T18:52:04.899538,2026-04-10T18:52:04.899539,0.5,2026-04-10T18:52:04.953429,50-54,1,0.8894736842105262,0,1,0,0,2026-04-10T19:11:53.780708
mock_0019,mock_user_0019,mock_script,2026-04-10T18:52:04.899512,58,male,Vũng Tàu,university,married,37.2,retired,Kế toán / Hành chính,27634125,Lâm Đồng,temporary,chăm sóc khách hàng|xây dựng|điện nước,3,0,0,1,0,0,1,4,True,2026-04-10T18:52:04.899515,2026-04-10T18:52:04.899516,0.5,2026-04-10T18:52:04.953429,55-59,1,1.55,6,1,0,1,2026-04-10T19:11:53.780708
mock_0018,mock_user_0018,mock_script,2026-04-10T18:52:04.899488,48,female,Đà Lạt,middle,married,16.9,unemployed,Thợ lành nghề,12267921,Đắk Lắk,freelance,bảo vệ|chăm sóc khách hàng,2,0,0,0,0,0,0,4,True,2026-04-10T18:52:04.899491,2026-04-10T18:52:04.899493,0.5,2026-04-10T18:52:04.953429,45-49,0,1.207142857142857,2,0,1,1,2026-04-10T19:11:53.780708
mock_0017,mock_user_0017,mock_script,2026-04-10T18:52:04.899461,57,female,Vinh,vocational,married,17.2,employed,Pha chế,14467772,Hà Tĩnh,part-time,giao hàng|pccc,2,1,0,0,0,1,2,4,True,2026-04-10T18:52:04.899468,2026-04-10T18:52:04.899469,0.5,2026-04-10T18:52:04.953429,55-59,1,0.7478260869565218,4,0,1,1,2026-04-10T19:11:53.780708
mock_0016,mock_user_0016,mock_script,2026-04-10T18:52:04.899438,43,male,Thái Nguyên,middle,married,10.5,unemployed,Lao động xây dựng,8628849,Biên Hòa,full-time,lái xe,1,0,0,1,0,0,1,4,True,2026-04-10T18:52:04.899442,2026-04-10T18:52:04.899443,0.5,2026-04-10T18:52:04.953429,35-44,1,1.1666666666666667,2,1,0,1,2026-04-10T19:11:53.780708
mock_0015,mock_user_0015,mock_script,2026-04-10T18:52:04.899417,40,female,Quảng Nam,primary,married,9.6,unemployed,Lao động xây dựng,7444429,Qui Nhơn,freelance,bartender,1,0,0,0,1,0,1,4,True,2026-04-10T18:52:04.899421,2026-04-10T18:52:04.899422,0.5,2026-04-10T18:52:04.953429,35-44,1,1.6,1,0,1,1,2026-04-10T19:11:53.780708
mock_0014,mock_user_0014,mock_script,2026-04-10T18:52:04.899395,44,female,Lâm Đồng,middle,divorced,18.7,employed,Lao động xây dựng,11761896,Vũng Tàu,full-time,bán hàng|chăn nuôi|thu ngân|vận hành máy móc,4,0,0,1,0,0,1,4,True,2026-04-10T18:52:04.899398,2026-04-10T18:52:04.899400,0.5,2026-04-10T18:52:04.953429,35-44,1,1.87,2,0,1,0,2026-04-10T19:11:53.780708
mock_0013,mock_user_0013,mock_script,2026-04-10T18:52:04.899372,55,male,Đà Lạt,high,married,26.7,employed,Bảo vệ,13528129,Thái Bình,freelance,trộn vữa,1,0,0,0,0,1,1,4,True,2026-04-10T18:52:04.899375,2026-04-10T18:52:04.899376,0.5,2026-04-10T18:52:04.953429,55-59,1,1.2714285714285714,3,1,0,1,2026-04-10T19:11:53.780708
mock_0012,mock_user_0012,mock_script,2026-04-10T18:52:04.899348,58,male,Đà Lạt,high,married,26.8,employed,Nông dân / Nông nghiệp,14859732,Hải Phòng,freelance,bartender|lắp ráp|pccc|trang trí món ăn,4,0,0,0,0,0,0,4,True,2026-04-10T18:52:04.899352,2026-04-10T18:52:04.899354,0.5,2026-04-10T18:52:04.953429,55-59,0,1.1166666666666667,3,1,0,1,2026-04-10T19:11:53.780708
mock_0011,mock_user_0011,mock_script,2026-04-10T18:52:04.899323,36,male,Đà Lạt,college,married,2.0,employed,Bảo vệ,4192297,Thanh Hóa,full-time,bartender|giao tiếp|thu ngân|trộn vữa,4,1,0,0,1,1,3,4,True,2026-04-10T18:52:04.899327,2026-04-10T18:52:04.899328,0.5,2026-04-10T18:52:04.953429,35-44,1,1.0,5,1,0,1,2026-04-10T19:11:53.780708
mock_0010,mock_user_0010,mock_script,2026-04-10T18:52:04.899296,35,female,Bình Dương,none,married,11.4,employed,Thợ lành nghề,7157783,Hải Dương,freelance,bảo vệ|trộn vữa|điện nước|đóng gói,4,1,0,0,0,0,1,4,True,2026-04-10T18:52:04.899299,2026-04-10T18:52:04.899301,0.5,2026-04-10T18:52:04.953429,35-44,1,11.4,0,0,1,1,2026-04-10T19:11:53.780708
mock_0009,mock_user_0009,mock_script,2026-04-10T18:52:04.899272,58,female,Cần Thơ,high,widowed,26.2,retired,Giúp việc / Dịh vụ,13292326,Nghệ An,full-time,đọc bản vẽ,1,0,0,1,0,1,2,4,True,2026-04-10T18:52:04.899275,2026-04-10T18:52:04.899276,0.5,2026-04-10T18:52:04.953429,55-59,1,1.0916666666666666,3,0,1,0,2026-04-10T19:11:53.780708
mock_0008,mock_user_0008,mock_script,2026-04-10T18:52:04.899249,45,male,Vĩnh Phúc,middle,divorced,22.7,employed,Kế toán / Hành chính,10774485,Nha Trang,freelance,giao hàng|pha chế|thu ngân|đóng gói,4,0,1,0,0,0,1,4,True,2026-04-10T18:52:04.899253,2026-04-10T18:52:04.899254,0.5,2026-04-10T18:52:04.953429,45-49,1,2.0636363636363635,2,1,0,0,2026-04-10T19:11:53.780708
mock_0007,mock_user_0007,mock_script,2026-04-10T18:52:04.899224,52,male,Bình Dương,college,divorced,33.4,retired,Bảo vệ,21734093,Nghệ An,freelance,kho vận|sử dụng máy nông nghiệp,2,0,0,0,0,1,1,4,True,2026-04-10T18:52:04.899227,2026-04-10T18:52:04.899228,0.5,2026-04-10T18:52:04.953429,50-54,1,1.8555555555555556,5,1,0,0,2026-04-10T19:11:53.780708
mock_0006,mock_user_0006,mock_script,2026-04-10T18:52:04.899196,37,female,Vũng Tàu,high,married,7.3,self-employed,Bảo vệ,7609674,Bình Dương,freelance,bảo dưỡng xe,1,0,0,1,0,0,1,4,True,2026-04-10T18:52:04.899199,2026-04-10T18:52:04.899201,0.5,2026-04-10T18:52:04.953429,35-44,1,2.433333333333333,3,0,1,1,2026-04-10T19:11:53.780708
mock_0005,mock_user_0005,mock_script,2026-04-10T18:52:04.899171,50,male,Cần Thơ,high,married,20.1,employed,Kế toán / Hành chính,11811511,Hải Dương,part-time,giặt ủi|sử dụng máy nông nghiệp|xây dựng|đọc bản vẽ,4,0,1,0,0,0,1,4,True,2026-04-10T18:52:04.899174,2026-04-10T18:52:04.899176,0.5,2026-04-10T18:52:04.953429,50-54,1,1.25625,3,1,0,1,2026-04-10T19:11:53.780708
mock_0004,mock_user_0004,mock_script,2026-04-10T18:52:04.899140,46,female,Đắk Lắk,primary,married,9.6,employed,Công nhân sản xuất,7119596,Thái Nguyên,part-time,xây dựng,1,0,0,0,1,0,1,4,True,2026-04-10T18:52:04.899146,2026-04-10T18:52:04.899148,0.5,2026-04-10T18:52:04.953429,45-49,1,0.7999999999999999,1,0,1,1,2026-04-10T19:11:53.780708
mock_0003,mock_user_0003,mock_script,2026-04-10T18:52:04.899107,51,male,Qui Nhơn,middle,divorced,30.5,employed,Kế toán / Hành chính,17484500,Thái Nguyên,full-time,lái xe|xây dựng|đọc bản đồ,3,0,0,0,1,0,1,4,True,2026-04-10T18:52:04.899112,2026-04-10T18:52:04.899113,0.5,2026-04-10T18:52:04.953429,50-54,1,1.7941176470588236,2,1,0,0,2026-04-10T19:11:53.780708
mock_0024,mock_user_0024,mock_script,2026-04-10T18:52:04.899622,35,female,Nghệ An,university,married,13.2,employed,Pha chế,12766569,Biên Hòa,full-time,vận hành máy móc,1,1,0,0,0,0,1,4,True,2026-04-10T18:52:04.899625,2026-04-10T18:52:04.899626,0.5,2026-04-10T18:52:04.953429,35-44,1,13.2,6,0,1,1,2026-04-10T19:11:53.780708
mock_0026,mock_user_0026,mock_script,2026-04-10T18:52:04.899670,39,male,Hà Tĩnh,vocational,single,4.9,unemployed,Pha chế,5773423,Lâm Đồng,full-time,bảo vệ|chăm sóc người già|nhập liệu|sơn sửa nhà,4,0,0,0,0,0,0,4,True,2026-04-10T18:52:04.899673,2026-04-10T18:52:04.899675,0.5,2026-04-10T18:52:04.953429,35-44,0,0.98,4,1,0,0,2026-04-10T19:11:53.780708
mock_0049,mock_user_0049,mock_script,2026-04-10T18:52:04.900381,41,female,Nha Trang,primary,married,4.1,unemployed,Lao động xây dựng,3450135,Thanh Hóa,full-time,kiểm kê|pha chế|thu ngân|trang trí món ăn,4,0,0,0,0,0,0,4,True,2026-04-10T18:52:04.900385,2026-04-10T18:52:04.900386,0.5,2026-04-10T18:52:04.953429,35-44,0,0.5857142857142856,1,0,1,1,2026-04-10T19:11:53.780708
mock_0027,mock_user_0027,mock_script,2026-04-10T18:52:04.899692,45,other,Đà Lạt,middle,married,24.6,retired,Bảo vệ,15421673,Hải Dương,temporary,lắp ráp|xây dựng,2,0,0,0,0,0,0,4,True,2026-04-10T18:52:04.899695,2026-04-10T18:52:04.899697,0.5,2026-04-10T18:52:04.953429,45-49,0,2.2363636363636363,2,0,0,1,2026-04-10T19:11:53.780708
mock_0048,mock_user_0048,mock_script,2026-04-10T18:52:04.900358,61,other,Đà Lạt,university,married,23.2,employed,Lao động xây dựng,21228321,Hải Phòng,full-time,chế biến thực phẩm|pccc|sử dụng máy nông nghiệp,3,1,0,0,0,0,1,4,True,2026-04-10T18:52:04.900361,2026-04-10T18:52:04.900363,0.5,2026-04-10T18:52:04.953429,60-70,1,0.8592592592592593,6,0,0,1,2026-04-10T19:11:53.780708
mock_0047,mock_user_0047,mock_script,2026-04-10T18:52:04.900335,56,female,Thái Nguyên,middle,married,24.7,employed,Nhân viên phục vụ,14000796,Đà Lạt,part-time,lắp ráp|pha chế|quản lý thời gian,3,1,1,0,0,0,2,4,True,2026-04-10T18:52:04.900339,2026-04-10T18:52:04.900340,0.5,2026-04-10T18:52:04.953429,55-59,1,1.1227272727272728,2,0,1,1,2026-04-10T19:11:53.780708
mock_0046,mock_user_0046,mock_script,2026-04-10T18:52:04.900313,61,male,Cần Thơ,college,married,42.6,unemployed,Lái xe,30211864,Hà Tĩnh,part-time,giao tiếp,1,1,0,1,1,0,3,4,True,2026-04-10T18:52:04.900316,2026-04-10T18:52:04.900317,0.5,2026-04-10T18:52:04.953429,60-70,1,1.5777777777777775,5,1,0,1,2026-04-10T19:11:53.780708
mock_0045,mock_user_0045,mock_script,2026-04-10T18:52:04.900289,39,female,Huế,vocational,widowed,18.2,unemployed,Giúp việc / Dịh vụ,14709534,Đà Nẵng,full-time,chăn nuôi|trộn vữa|vận hành máy móc|điện nước,4,0,1,0,1,0,2,4,True,2026-04-10T18:52:04.900292,2026-04-10T18:52:04.900294,0.5,2026-04-10T18:52:04.953429,35-44,1,3.64,4,0,1,0,2026-04-10T19:11:53.780708
mock_0044,mock_user_0044,mock_script,2026-04-10T18:52:04.900262,61,female,Vinh,high,single,24.2,employed,Nhân viên bán hàng,12904510,Biên Hòa,temporary,nấu ăn,1,0,0,0,0,0,0,4,True,2026-04-10T18:52:04.900269,2026-04-10T18:52:04.900270,0.5,2026-04-10T18:52:04.953429,60-70,0,0.8962962962962963,3,0,1,0,2026-04-10T19:11:53.780708
mock_0043,mock_user_0043,mock_script,2026-04-10T18:52:04.900242,49,male,Hải Phòng,college,married,30.4,unemployed,Kế toán / Hành chính,22284129,Thái Nguyên,full-time,bảo dưỡng xe|lái xe|vận hành máy móc|xây dựng,4,0,0,1,0,0,1,4,True,2026-04-10T18:52:04.900245,2026-04-10T18:52:04.900247,0.5,2026-04-10T18:52:04.953429,45-49,1,2.0266666666666664,5,1,0,1,2026-04-10T19:11:53.780708
mock_0042,mock_user_0042,mock_script,2026-04-10T18:52:04.900219,41,female,Thái Bình,vocational,single,7.9,employed,Nông dân / Nông nghiệp,9137668,Đà Lạt,part-time,bảo vệ|may mặc|nhập liệu|điện nước,4,0,0,0,0,0,0,4,True,2026-04-10T18:52:04.900222,2026-04-10T18:52:04.900223,0.5,2026-04-10T18:52:04.953429,35-44,0,1.1285714285714286,4,0,1,0,2026-04-10T19:11:53.780708
mock_0041,mock_user_0041,mock_script,2026-04-10T18:52:04.900195,65,female,Hà Nam,vocational,single,28.9,unemployed,Giúp việc / Dịh vụ,19850160,Bình Dương,full-time,bảo vệ|chế biến thực phẩm|lái xe|đóng gói,4,0,0,0,0,0,0,4,True,2026-04-10T18:52:04.900198,2026-04-10T18:52:04.900199,0.5,2026-04-10T18:52:04.953429,60-70,0,0.932258064516129,4,0,1,0,2026-04-10T19:11:53.780708
mock_0040,mock_user_0040,mock_script,2026-04-10T18:52:04.900171,36,female,Bình Dương,middle,married,9.0,unemployed,Nhân viên kho vận,6566477,Qui Nhơn,full-time,chăm sóc khách hàng|phục vụ bàn|sửa chữa,3,1,0,0,0,0,1,4,True,2026-04-10T18:52:04.900174,2026-04-10T18:52:04.900175,0.5,2026-04-10T18:52:04.953429,35-44,1,4.5,2,0,1,1,2026-04-10T19:11:53.780708
mock_0039,mock_user_0039,mock_script,2026-04-10T18:52:04.900148,62,male,Nam Định,primary,divorced,39.4,unemployed,Kế toán / Hành chính,17171079,Bắc Ninh,full-time,kho vận|nấu ăn,2,1,1,0,0,0,2,4,True,2026-04-10T18:52:04.900151,2026-04-10T18:52:04.900153,0.5,2026-04-10T18:52:04.953429,60-70,1,1.407142857142857,1,1,0,0,2026-04-10T19:11:53.780708
mock_0038,mock_user_0038,mock_script,2026-04-10T18:52:04.900126,54,other,Lâm Đồng,none,divorced,27.8,employed,Nhân viên kho vận,13801174,Quảng Nam,full-time,bán hàng|bảo vệ,2,0,0,1,0,0,1,4,True,2026-04-10T18:52:04.900129,2026-04-10T18:52:04.900131,0.5,2026-04-10T18:52:04.953429,50-54,1,1.39,0,0,0,0,2026-04-10T19:11:53.780708
mock_0037,mock_user_0037,mock_script,2026-04-10T18:52:04.900104,45,male,TP. Hồ Chí Minh,university,married,6.9,employed,Bảo vệ,8707409,Hà Nam,full-time,chăm sóc người già|may mặc,2,0,0,0,0,0,0,4,True,2026-04-10T18:52:04.900108,2026-04-10T18:52:04.900109,0.5,2026-04-10T18:52:04.953429,45-49,0,0.6272727272727273,6,1,0,1,2026-04-10T19:11:53.780708
mock_0036,mock_user_0036,mock_script,2026-04-10T18:52:04.900077,35,female,Cần Thơ,college,divorced,14.8,unemployed,Lái xe,12373741,Nha Trang,full-time,lắp đặt|nhập liệu|phục vụ bàn,3,0,0,0,0,1,1,4,True,2026-04-10T18:52:04.900080,2026-04-10T18:52:04.900083,0.5,2026-04-10T18:52:04.953429,35-44,1,14.8,5,0,1,0,2026-04-10T19:11:53.780708
mock_0035,mock_user_0035,mock_script,2026-04-10T18:52:04.900055,53,other,Lâm Đồng,college,single,29.2,employed,Nhân viên bán hàng,19286773,Hà Nam,part-time,điện nước,1,0,0,0,0,0,0,4,True,2026-04-10T18:52:04.900058,2026-04-10T18:52:04.900059,0.5,2026-04-10T18:52:04.953429,50-54,0,1.5368421052631578,5,0,0,0,2026-04-10T19:11:53.780708
mock_0034,mock_user_0034,mock_script,2026-04-10T18:52:04.900032,52,male,Đắk Lắk,none,single,20.9,employed,Công nhân sản xuất,10990147,Nha Trang,full-time,bartender|pccc|trồng trọt,3,0,0,0,0,0,0,4,True,2026-04-10T18:52:04.900035,2026-04-10T18:52:04.900037,0.5,2026-04-10T18:52:04.953429,50-54,0,1.161111111111111,0,1,0,0,2026-04-10T19:11:53.780708
mock_0033,mock_user_0033,mock_script,2026-04-10T18:52:04.899838,64,female,Huế,high,married,42.7,employed,Kế toán / Hành chính,22794900,Đà Nẵng,temporary,bartender|bán hàng|may mặc,3,0,1,0,0,0,1,4,True,2026-04-10T18:52:04.900008,2026-04-10T18:52:04.900010,0.5,2026-04-10T18:52:04.953429,60-70,1,1.4233333333333331,3,0,1,1,2026-04-10T19:11:53.780708
mock_0032,mock_user_0032,mock_script,2026-04-10T18:52:04.899816,52,male,Vĩnh Phúc,middle,married,22.1,employed,Thợ lành nghề,13406013,Hải Dương,part-time,nấu ăn|pccc|vận hành máy móc|đọc bản vẽ,4,0,1,0,0,0,1,4,True,2026-04-10T18:52:04.899819,2026-04-10T18:52:04.899820,0.5,2026-04-10T18:52:04.953429,50-54,1,1.227777777777778,2,1,0,1,2026-04-10T19:11:53.780708
mock_0031,mock_user_0031,mock_script,2026-04-10T18:52:04.899792,44,female,Thái Nguyên,college,single,21.0,retired,Nhân viên bán hàng,19335311,Nam Định,full-time,chế biến thực phẩm,1,0,0,1,0,1,2,4,True,2026-04-10T18:52:04.899795,2026-04-10T18:52:04.899796,0.5,2026-04-10T18:52:04.953429,35-44,1,2.1,5,0,1,0,2026-04-10T19:11:53.780708
mock_0030,mock_user_0030,mock_script,2026-04-10T18:52:04.899770,54,other,Hà Nam,high,married,22.1,unemployed,Pha chế,15844472,Thái Nguyên,full-time,chăm sóc khách hàng|đọc bản vẽ|đọc bản đồ,3,0,0,0,0,0,0,4,True,2026-04-10T18:52:04.899774,2026-04-10T18:52:04.899775,0.5,2026-04-10T18:52:04.953429,50-54,0,1.105,3,0,0,1,2026-04-10T19:11:53.780708
mock_0029,mock_user_0029,mock_script,2026-04-10T18:52:04.899743,61,male,Hải Dương,none,married,32.9,self-employed,Nhân viên phục vụ,17310394,Đắk Lắk,part-time,chăm sóc khách hàng,1,0,1,1,1,0,3,4,True,2026-04-10T18:52:04.899746,2026-04-10T18:52:04.899749,0.5,2026-04-10T18:52:04.953429,60-70,1,1.2185185185185186,0,1,0,1,2026-04-10T19:11:53.780708
mock_0028,mock_user_0028,mock_script,2026-04-10T18:52:04.899720,62,other,Vũng Tàu,vocational,married,35.0,unemployed,Nhân viên kho vận,25858999,Cần Thơ,full-time,nhập liệu|phục vụ bàn,2,0,1,0,0,0,1,4,True,2026-04-10T18:52:04.899723,2026-04-10T18:52:04.899725,0.5,2026-04-10T18:52:04.953429,60-70,1,1.25,4,0,0,1,2026-04-10T19:11:53.780708
mock_0100,mock_user_0100,mock_script,2026-04-10T18:52:04.901618,43,male,Bắc Ninh,primary,single,10.3,unemployed,Công nhân sản xuất,8214681,Hà Nam,full-time,bán hàng nông sản|bảo vệ,2,0,0,0,1,0,1,4,True,2026-04-10T18:52:04.901621,2026-04-10T18:52:04.901623,0.5,2026-04-10T18:52:04.953429,35-44,1,1.1444444444444446,1,1,0,0,2026-04-10T19:11:53.780708
synthetic_10000,synthetic_user_10000,synthetic_high_risk,2026-04-15T23:16:32.436672,52,male,Hà Tĩnh,primary,married,20.3,unemployed,Thợ lành nghề,10722000,Quảng Ngãi,part-time,giao tiếp|sơn sửa nhà|vận hành máy móc|lái xe|kho vận,5,0,0,1,1,0,2,4,True,2026-04-15T23:16:32.436728,2026-04-15T23:16:32.436732,0.8,2026-04-15T23:16:32.436735,50-54,1,0.9234,1,1,0,1,
synthetic_10001,synthetic_user_10001,synthetic_high_risk,2026-04-15T23:16:32.437680,63,male,Khánh Hòa,high,divorced,2.1,part-time,Bảo vệ,9332000,Bình Dương,part-time,đóng gói,1,1,1,0,0,0,2,4,True,2026-04-15T23:16:32.437715,2026-04-15T23:16:32.437717,0.8,2026-04-15T23:16:32.437719,60-64,1,0.0637,3,1,0,0,
synthetic_10002,synthetic_user_10002,synthetic_high_risk,2026-04-15T23:16:32.438121,54,female,Khánh Hòa,middle,married,10.1,unemployed,Lái xe,6014000,Cần Thơ,part-time,bartender|giao hàng|đóng gói|chăm sóc khách hàng|lắp ráp,5,0,0,0,0,0,0,4,True,2026-04-15T23:16:32.438149,2026-04-15T23:16:32.438151,0.8,2026-04-15T23:16:32.438153,50-54,0,0.4192,2,0,1,1,
synthetic_10003,synthetic_user_10003,synthetic_high_risk,2026-04-15T23:16:32.438449,65,male,Đà Nẵng,high,married,3.0,part-time,Nhân viên bán hàng,14616000,Long An,part-time,sửa chữa,1,0,0,1,1,1,3,4,True,2026-04-15T23:16:32.438468,2026-04-15T23:16:32.438470,0.8,2026-04-15T23:16:32.438472,65-69,1,0.0845,3,1,0,1,
synthetic_10004,synthetic_user_10004,synthetic_high_risk,2026-04-15T23:16:32.438864,60,male,Đà Nẵng,middle,married,25.1,unemployed,Thợ lành nghề,2792000,Long An,full-time,pccc|trang trí|giao tiếp,3,1,0,1,1,1,4,4,True,2026-04-15T23:16:32.438898,2026-04-15T23:16:32.438901,0.8,2026-04-15T23:16:32.438904,60-64,1,0.8362,2,1,0,1,
synthetic_10005,synthetic_user_10005,synthetic_high_risk,2026-04-15T23:16:32.439377,61,male,Đồng Nai,primary,single,23.7,unemployed,Pha chế,7539000,Thanh Hóa,part-time,kiểm kê|điện nước|bartender,3,1,0,1,1,0,3,4,True,2026-04-15T23:16:32.439413,2026-04-15T23:16:32.439415,0.8,2026-04-15T23:16:32.439418,60-64,1,0.7642,1,1,0,0,
synthetic_10006,synthetic_user_10006,synthetic_high_risk,2026-04-15T23:16:32.439777,62,female,Lâm Đồng,middle,married,29.8,retired,Giúp việc / Dịch vụ,5088000,Quảng Ngãi,part-time,nhập liệu|xây dựng|chăm sóc khách hàng|trồng trọt,4,1,0,0,0,0,1,4,True,2026-04-15T23:16:32.439802,2026-04-15T23:16:32.439804,0.8,2026-04-15T23:16:32.439806,60-64,1,0.9325,2,0,1,1,
synthetic_10007,synthetic_user_10007,synthetic_high_risk,2026-04-15T23:16:32.440147,55,female,Nghệ An,middle,married,2.9,part-time,Giúp việc / Dịch vụ,12543000,Kiên Giang,full-time,nhập liệu,1,1,0,1,0,1,3,4,True,2026-04-15T23:16:32.440163,2026-04-15T23:16:32.440165,0.8,2026-04-15T23:16:32.440166,55-59,1,0.1162,2,0,1,1,
synthetic_10008,synthetic_user_10008,synthetic_high_risk,2026-04-15T23:16:32.440767,63,male,Kiên Giang,middle,married,35.6,retired,Kế toán / Hành chính,9255000,Hà Nội,part-time,sử dụng máy nông nghiệp|sơn sửa nhà|điện nước|nhập liệu|sửa chữa,5,0,1,0,0,0,1,4,True,2026-04-15T23:16:32.440791,2026-04-15T23:16:32.440793,0.8,2026-04-15T23:16:32.440794,60-64,1,1.0796,2,1,0,1,
