id,userId,data_source,exported_at,age,gender,province,education,marital_status,experience_years,employment_status,target_job,target_salary,target_province,preferred_job_type,skills,skills_count,barrier_health,barrier_family,barrier_techGap,barrier_location,barrier_other,total_barriers,current_step,is_completed,created_at,updated_at,training_weight,merged_at,age_group,has_barriers,experience_age_ratio,is_male,is_female,is_married,education_level
synthetic_10000,synthetic_user_10000,synthetic_high_risk,2026-04-15T23:16:32.407664,62,female,Thanh Hóa,primary,single,22.8,self-employed,Giúp việc / Dịch vụ,5080000,Khánh Hòa,full-time,giao tiếp|kho vận,2,1,0,0,1,0,2,4,True,2026-04-15T23:16:32.407712,2026-04-15T23:16:32.407714,0.8,2026-04-15T23:16:32.407716,60-64,1,0.711,0,1,0,1
synthetic_10001,synthetic_user_10001,synthetic_high_risk,2026-04-15T23:16:32.408560,51,male,Thanh Hóa,middle,single,29.9,retired,Giúp việc / Dịch vụ,5577000,Quảng Nam,part-time,pha chế|kế toán|kho vận|trang trí,4,1,0,0,0,0,1,4,True,2026-04-15T23:16:32.409044,2026-04-15T23:16:32.409050,0.8,2026-04-15T23:16:32.409052,50-54,1,1.4256,1,0,0,2
synthetic_10002,synthetic_user_10002,synthetic_high_risk,2026-04-15T23:16:32.409424,56,female,Tiền Giang,primary,divorced,31.7,unemployed,Nhân viên kho vận,2467000,Khánh Hòa,full-time,đọc bản đồ|nấu ăn|vận hành máy móc,3,1,0,0,0,0,1,4,True,2026-04-15T23:16:32.409447,2026-04-15T23:16:32.409448,0.8,2026-04-15T23:16:32.409450,55-59,1,1.22,0,1,0,1
synthetic_10003,synthetic_user_10003,synthetic_high_risk,2026-04-15T23:16:32.409687,58,female,Long An,high,married,22.1,unemployed,Lái xe,11429000,Đồng Tháp,part-time,nhập liệu|trồng trọt|trang trí,3,1,1,1,0,0,3,4,True,2026-04-15T23:16:32.409701,2026-04-15T23:16:32.409702,0.8,2026-04-15T23:16:32.409703,55-59,1,0.79,0,1,1,3
synthetic_10004,synthetic_user_10004,synthetic_high_risk,2026-04-15T23:16:32.410540,56,male,Hà Tĩnh,primary,single,34.1,self-employed,Nhân viên bán hàng,5847000,Hải Phòng,part-time,bảo dưỡng xe|đóng gói|bảo vệ|lắp ráp|chăm sóc khách hàng,5,0,0,1,1,0,2,4,True,2026-04-15T23:16:32.410559,2026-04-15T23:16:32.410561,0.8,2026-04-15T23:16:32.410562,55-59,1,1.3097,1,0,0,1
synthetic_10005,synthetic_user_10005,synthetic_high_risk,2026-04-15T23:16:32.410762,53,female,Vũng Tàu,high,married,25.5,unemployed,Pha chế,11328000,Quảng Nam,part-time,sơn sửa nhà|lái xe|sửa chữa,3,0,0,0,1,0,1,4,True,2026-04-15T23:16:32.410776,2026-04-15T23:16:32.410777,0.8,2026-04-15T23:16:32.410778,50-54,1,1.1086,0,1,1,3
synthetic_10006,synthetic_user_10006,synthetic_high_risk,2026-04-15T23:16:32.410959,51,other,Hải Dương,primary,single,30.4,retired,Kế toán / Hành chính,7590000,Đắk Lắk,part-time,điện nước|phục vụ bàn,2,0,0,0,0,0,0,4,True,2026-04-15T23:16:32.410973,2026-04-15T23:16:32.410974,0.8,2026-04-15T23:16:32.410976,50-54,0,1.4464,0,0,0,1
synthetic_10007,synthetic_user_10007,synthetic_high_risk,2026-04-15T23:16:32.411172,53,other,An Giang,high,married,13.3,unemployed,Kế toán / Hành chính,4905000,Cần Thơ,part-time,điện nước|vận hành máy móc|lái xe,3,0,1,1,0,1,3,4,True,2026-04-15T23:16:32.411184,2026-04-15T23:16:32.411185,0.8,2026-04-15T23:16:32.411186,50-54,1,0.5791,0,0,1,3
synthetic_10008,synthetic_user_10008,synthetic_high_risk,2026-04-15T23:16:32.411731,52,female,Hải Phòng,none,married,27.6,retired,Bảo vệ,7858000,Quảng Ngãi,full-time,bảo vệ|kho vận|pccc|kiểm kê|đọc bản vẽ,5,1,0,1,0,0,2,4,True,2026-04-15T23:16:32.411751,2026-04-15T23:16:32.411753,0.8,2026-04-15T23:16:32.411754,50-54,1,1.2536,0,1,1,0
